[
  {
    "_id": "641cbb7f83b154fb6bf28382",
    "category": "63de2fc268d03b5daea7c6a6",
    "title": "Fifth Post",
    "tags": ["man"],
    "description": "Lorem ipsum dolor sit amet, consectetur adipiscing elit.",
    "user": "64bc0d09261b7917c5c08f1b",
    "photo": "64cb91fe5d1cb640156f7b18"
  },
  {
    "_id": "641725f483b154fb6bf1eeb5",
    "category": "63de2fc268d03b5daea7c6a6",
    "title": "Fifth Post",
    "tags": ["man", "fashion"],
    "description": "Lorem ipsum dolor sit amet, consectetur adipiscing elit.",
    "user": "64bba1975f3002d9dbb87783",
    "photo": "64cb91fe5d1cb640156f7b18"
  },
  {
    "_id": "6416ae9483b154fb6bf1c40b",
    "category": "63de2fc268d03b5daea7c6a6",
    "title": "Fifth",
    "tags": ["man", "fashion"],
    "description": "Lorem ipsum dolor sit amet, consectetur adipiscing elit.",
    "user": "64bba1975f3002d9dbb87783",
    "photo": "64cb91fe5d1cb640156f7b18"
  },
  {
    "_id": "64bdc1f7da72323740c3d461",
    "category": "63de2fc268d03b5daea7c6a6",
    "title": "Fifth Post",
    "tags": ["man", "fashion"],
    "description": "Lorem ipsum dolor sit amet, consectetur adipiscing elit. Vivamus rhoncus elit id elit congue consequat. Donec pharetra bibendum dapibus. Sed eu arcu nulla. Nam commodo, sapien in faucibus ultrices, ex nibh vehicula diam, quis lacinia purus mi non orci. Fusce finibus neque nunc, non facilisis enim convallis vel. In blandit nulla eu libero tincidunt, quis commodo tellus sagittis. Aliquam et mollis dolor. Aliquam vel ligula a odio dictum bibendum. Ut ac risus tristique, faucibus dolor non, sagittis ipsum. Nulla facilisi. Duis vitae enim vel libero iaculis malesuada at sit amet arcu. Nam fringilla ante sit amet augue luctus, in scelerisque enim dictum. Praesent ullamcorper malesuada diam, vel scelerisque velit auctor in. Donec vel neque ac tellus bibendum malesuada. Proin vel semper quam, at imperdiet lorem.",
    "user": "64bba1975f3002d9dbb87783",
    "photo": "64cb91fe5d1cb640156f7b18"
  },
  {
    "_id": "64bdcd0eda72323740c3daf3",
    "category": "63de2fc268d03b5daea7c6a6",
    "title": "React JS",
    "tags": ["react", "js"],
    "description": "Lorem ipsum dolor sit amet, consectetur adipiscing elit. Vivamus rhoncus elit id elit congue consequat. Donec pharetra bibendum dapibus. ",
    "user": "64bba1975f3002d9dbb87783",
    "photo": "64cb91fe5d1cb640156f7b18"
  },
  {
    "_id": "64be4694da72323740c4035e",
    "category": "63de2fc268d03b5daea7c6a6",
    "title": "efasef",
    "tags": ["asefasef"],
    "description": "asefasefasdfasdfasdfasdfasdfasdfasdfadsfasdfasdfasdfasdfasdfasdfasdfasdfasdfasdfasdfasdf",
    "user": "64bba1975f3002d9dbb87783",
    "photo": "64cb91fe5d1cb640156f7b18"
  },
  {
    "_id": "64be46eada72323740c403f9",
    "category": "64e07de5e6e5345ad5b7dbdd",
    "title": "efasefasdfasdf",
    "tags": ["asefasefasf"],
    "description": "asefasefasdfasdfasdfasdfasdfasdfasdfadsfasdfasdfasdfasdfasdfasdfasdfasdfasdfasdfasdfasdfdsaf",
    "user": "64bc0d09261b7917c5c08f1b",
    "photo": "64cb91fe5d1cb640156f7b18"
  },
  {
    "_id": "64be6e87fc651461319e43be",
    "category": "63de2fc268d03b5daea7c6a6",
    "title": "React JS",
    "tags": ["react", "js"],
    "description": "Lorem ipsum dolor sit amet, consectetur adipiscing elit. Vivamus rhoncus elit id elit congue consequat. Donec pharetra bibendum dapibus. ",
    "user": "64bc0d09261b7917c5c08f1b",
    "photo": "64cb91fe5d1cb640156f7b18"
  },
  {
    "_id": "64be6eacfc651461319e4409",
    "category": "63de2fc268d03b5daea7c6a6",
    "title": "TOMS JS",
    "tags": ["react", "js"],
    "description": "Lorem ipsum dolor sit amet, consectetur adipiscing elit. Vivamus rhoncus elit id elit congue consequat. Donec pharetra bibendum dapibus. ",
    "user": "64be627d50c0863198f06545",
    "photo": "64cb91fe5d1cb640156f7b18"
  },
  {
    "_id": "64beb9a6bd8e18721d93f221",
    "category": "63de2fc268d03b5daea7c6a6",
    "title": "Fifth Post",
    "tags": ["man", "fashion"],
    "description": "Lorem ipsum dolor sit amet, consectetur adipiscing elit. Vivamus rhoncus elit id elit congue consequat. Donec pharetra bibendum dapibus.",
    "user": "64be627d50c0863198f06545",
    "photo": "64cb91fe5d1cb640156f7b18"
  },
  {
    "_id": "64bec1c5470ca722068f2f1d",
    "category": "63de2fc268d03b5daea7c6a6",
    "title": "Fifth Post",
    "tags": ["man"],
    "description": "Lorem ipsum dolor sit amet, consectetur adipiscing elit. Vivamus rhoncus elit id elit congue consequat. Donec pharetra bibendum dapibus. Sed eu arcu nulla.",
    "user": "64be627d50c0863198f06545",
    "photo": "64cb91fe5d1cb640156f7b18"
  },
  {
    "_id": "64befca211d51055281a24c0",
    "category": "64caf38236e45e4c1ea58b12",
    "title": "abror",
    "tags": ["sdfa", "asdfh", "kajshdfjk", "asldfhljk", "aslkjdflk"],
    "description": "asfalsdjkflkjja sdfkhasdlhk flkasdf kasdlkf asd fkasjd flkasdkjfnlkasjd fn asdlfn ljaskd flknasd lfn asdlfn laskdnf lasdn flknasd fasd flasdnf asd f",
    "user": "64be627d50c0863198f06545",
    "photo": "64cb91fe5d1cb640156f7b18"
  },
  {
    "_id": "64bf131928230ace6bf4704b",
    "category": "64e07de5e6e5345ad5b7dbdd",
    "title": "Fifth Pos",
    "tags": ["man", "fashionf"],
    "description": "Lorem ipsum dolor sit amet, consectetur adipiscing elit. Vivamus rhoncus elit id elit congue consequat. Donec pharetra bibendum dapibus. Sed eu arcu nulla.",
    "user": "64be627d50c0863198f06545",
    "photo": "64cb91fe5d1cb640156f7b18"
  },
  {
    "_id": "64bf3ce528230ace6bf4b4d2",
    "category": "64caf38236e45e4c1ea58b12",
    "title": "safafsgad",
    "tags": ["sdgsddg", "sgagsa"],
    "description": "aesfeaesdgdfhsdghfsdhfs",
    "user": "64be627d50c0863198f06545",
    "photo": "64cb91fe5d1cb640156f7b18"
  },
  {
    "_id": "64bf4fd85d20683591a92881",
    "category": "64caf38236e45e4c1ea58b12",
    "title": "ewrewtert",
    "tags": ["erre", "eryye"],
    "description": "etwyrwytyuerueue",
    "user": "64be627d50c0863198f06545",
    "photo": "64cb91fe5d1cb640156f7b18"
  },
  {
    "_id": "64bf501a5d20683591a928a9",
    "category": "64caf38236e45e4c1ea58b12",
    "title": "dsferyrtyt",
    "tags": ["ery", "eryer"],
    "description": "ewyteyutryutytiuyeiy",
    "user": "64be627d50c0863198f06545",
    "photo": "64cb91fe5d1cb640156f7b18"
  },
  {
    "_id": "64bf5b03d3eb817d7baf0e7f",
    "category": "64caf38236e45e4c1ea58b12",
    "title": "Apple",
    "tags": ["wwer", "ewrew"],
    "description": "Lorem ipsum dolor sit amet consectetur adipisicing elit.",
    "user": "64bc0d09261b7917c5c08f1b",
    "photo": "64cb91fe5d1cb640156f7b18"
  },
  {
    "_id": "64bfabd24e7015db09e9c007",
    "category": "64caf38236e45e4c1ea58b12",
    "title": "Eldorbek",
    "tags": ["man", "fashion"],
    "description": " Lorem ipsum dolor sit amet consectetur adipisicing elit.",
    "user": "64bc0d09261b7917c5c08f1b",
    "photo": "64cb91fe5d1cb640156f7b18"
  },
  {
    "_id": "64bfb62fd7e6c3edd33f6c3a",
    "category": "64caf38236e45e4c1ea58b12",
    "title": "Fifth Po",
    "tags": ["man"],
    "description": "Lorem ipsum dolor sit amet, consectetur adipiscing elit.",
    "user": "64bef4e9e28ca23ab56221a8",
    "photo": "64cb91fe5d1cb640156f7b18"
  },
  {
    "_id": "64bfbb06bb60228f8071db35",
    "category": "64caf38236e45e4c1ea58b12",
    "title": "sgygusguea",
    "tags": ["man", "fashion"],
    "description": "suhiuhisuhsiusiuhs",
    "user": "64bef4e9e28ca23ab56221a8",
    "photo": "64cb91fe5d1cb640156f7b18"
  },
  {
    "_id": "64bfbb9dbb60228f8071db73",
    "category": "64caf38236e45e4c1ea58b12",
    "title": "Busness",
    "tags": ["man", "fashion"],
    "description": "Lorem ipsum dolor sit amet consectetur adipisicing elit. Ducimus\n                quis accusantium totam distinctio iure, dolor quidem accusamus\n                aliquid quaerat autem porro voluptatibus, e",
    "user": "64bef4e9e28ca23ab56221a8",
    "photo": "64cb91fe5d1cb640156f7b18"
  },
  {
    "_id": "64bfbbccbb60228f8071db7c",
    "category": "64caf38236e45e4c1ea58b12",
    "title": "sbhbshjb",
    "tags": ["man", "fashion"],
    "description": "sgsgyugyusgaa",
    "user": "64bef4e9e28ca23ab56221a8",
    "photo": "64cb91fe5d1cb640156f7b18"
  },
  {
    "_id": "64bfbf79bb60228f8071dc0f",
    "category": "64caf38236e45e4c1ea58b12",
    "title": "fdsfdafd",
    "tags": ["fdsf fdsfds"],
    "description": "fasdfadfdsfadsfa",
    "user": "64bef4e9e28ca23ab56221a8",
    "photo": "64cb91fe5d1cb640156f7b18"
  },
  {
    "_id": "64bfdf12ddc865efdf6e82c1",
    "category": "64caf38236e45e4c1ea58b12",
    "title": "Post title",
    "tags": ["man"],
    "description": "Lorem ipsum dolor sit amet",
    "user": "64bef4e9e28ca23ab56221a8",
    "photo": "64cb91fe5d1cb640156f7b18"
  },
  {
    "_id": "64bfdf2dddc865efdf6e82c4",
    "category": "64caf38236e45e4c1ea58b12",
    "title": "Post title",
    "tags": [],
    "description": "Lorem ipsum dolor sit amet",
    "user": "64bc0d09261b7917c5c08f1b",
    "photo": "64cb91fe5d1cb640156f7b18"
  },
  {
    "_id": "64bfdf3bddc865efdf6e82c7",
    "category": "64caf38236e45e4c1ea58b12",
    "title": "Post titlele",
    "tags": ["tekevezor"],
    "description": "Lorem ipsum dolor sit amet",
    "user": "64bc0d09261b7917c5c08f1b",
    "photo": "64cb91fe5d1cb640156f7b18"
  },
  {
    "_id": "64bfe88e3350634c8aabbdc0",
    "category": "64caf38236e45e4c1ea58b12",
    "title": "Samariddin",
    "tags": ["Alla", " Uas", " Lia"],
    "description": "Lorem12345678",
    "user": "64bc0d09261b7917c5c08f1b",
    "photo": "64cb91fe5d1cb640156f7b18"
  },
  {
    "_id": "64bfe9023350634c8aabbdf5",
    "category": "64caf3ae36e45e4c1ea58b1b",
    "title": "Samariddin_Nurmamatov",
    "tags": ["map"],
    "description": "Lorem12455rtfhgcv",
    "user": "64bc0d09261b7917c5c08f1b",
    "photo": "64cb91fe5d1cb640156f7b18"
  },
  {
    "_id": "64bfea4d3350634c8aabbee2",
    "category": "64caf3ae36e45e4c1ea58b1b",
    "title": "Macbook...",
    "tags": ["Mac"],
    "description": "Hello jksdnfjkvdkfkjjkfds",
    "user": "64bc0d09261b7917c5c08f1b",
    "photo": "64cb91fe5d1cb640156f7b18"
  },
  {
    "_id": "64bfeb023350634c8aabbf19",
    "category": "64caf3ae36e45e4c1ea58b1b",
    "title": "Nurmamatov3",
    "tags": ["mosh", " ol"],
    "description": "Lorem ment toul alsko ku helo jmjy ayyhbgsvdknaej",
    "user": "64bc0d09261b7917c5c08f1b",
    "photo": "64cb91fe5d1cb640156f7b18"
  },
  {
    "_id": "64bfebe16329bb7efa1a0728",
    "category": "64caf3ae36e45e4c1ea58b1b",
    "title": "Samariddin",
    "tags": ["bui"],
    "description": "Heyyy Lorem helllo my a and ",
    "user": "64bc0d09261b7917c5c08f1b",
    "photo": "64cb91fe5d1cb640156f7b18"
  },
  {
    "_id": "64bff1bd6329bb7efa1a0aa6",
    "category": "64caf3ae36e45e4c1ea58b1b",
    "title": "MacBook Pro",
    "tags": ["Mac"],
    "description": "Apple lorem",
    "user": "64bc0d09261b7917c5c08f1b",
    "photo": "64cb91fe5d1cb640156f7b18"
  },
  {
    "_id": "64c047b6c2d5b5c06ae677a3",
    "category": "64caf3ae36e45e4c1ea58b1b",
    "title": "Historien Stortingsgaten 28",
    "tags": ["man", "fashion"],
    "description": "Dagens sentrum av byen. Så ble områdene delt opp og kom i privat eie.",
    "user": "64bc0d09261b7917c5c08f1b",
    "photo": "64cb91fe5d1cb640156f7b18"
  },
  {
    "_id": "64c0d1c0c2d5b5c06ae68b89",
    "category": "64caf3ae36e45e4c1ea58b1b",
    "title": "MyBlog",
    "tags": ["ta'lim"],
    "description": "Najot ta'lim",
    "user": "64bc0d09261b7917c5c08f1b",
    "photo": "64cb91fe5d1cb640156f7b18"
  },
  {
    "_id": "64c0d334c2d5b5c06ae68c23",
    "category": "64caf3ae36e45e4c1ea58b1b",
    "title": "Samariddin Nurmamatov",
    "tags": ["man", "fashion"],
    "description": "Lorem123456789",
    "user": "64bc0d09261b7917c5c08f1b",
    "photo": "64cb91fe5d1cb640156f7b18"
  },
  {
    "_id": "64c0d55bc2d5b5c06ae68ce6",
    "category": "64caf3ae36e45e4c1ea58b1b",
    "title": "Kitoblar",
    "tags": ["man", "fashion"],
    "description": "Lorem12345678910",
    "user": "64bc0d09261b7917c5c08f1b",
    "photo": "64cb91fe5d1cb640156f7b18"
  },
  {
    "_id": "64c0efa11d90e28f94e01fdc",
    "category": "64caf3ae36e45e4c1ea58b1b",
    "title": "MEnfdfad",
    "tags": ["man", "fashion"],
    "description": "fdsfafdsfdas",
    "user": "64bc0d09261b7917c5c08f1b",
    "photo": "64cb91fe5d1cb640156f7b18"
  },
  {
    "_id": "64c104d61d90e28f94e023e4",
    "category": "64caf3ae36e45e4c1ea58b1b",
    "title": "Nurmamatov_Samariddin",
    "tags": ["Kitob", ""],
    "description": "Lorem123456789",
    "user": "64bc0d09261b7917c5c08f1b",
    "photo": "64cb91fe5d1cb640156f7b18"
  },
  {
    "_id": "64c2a17df67db2d53507d0f3",
    "category": "64dc88535d1cb640156faafa",
    "title": "salom nima",
    "tags": ["man", "fashion"],
    "description": "sdigduu qgduw dh iqwh8dqwiuhdi idwhuhw didwihi y di dyhwiuewf f q8fftwdh8ywfs y y9 fywq8fy8 yuf9yu 9 u 9u fy78wu92hey823yuejw u9",
    "user": "64bc0d09261b7917c5c08f1b",
    "photo": "64cb91fe5d1cb640156f7b18"
  },
  {
    "_id": "64c2a9cdf67db2d53507d1d6",
    "category": "64dc88535d1cb640156faafa",
    "title": "salom salom",
    "tags": ["man", "fashion"],
    "description": "wiguygduysau iuduas dia iaidh ii aihcia h adhi haidiahdou8dywefg gwd tfhaf70w fgc9sc8fgwfowf ",
    "user": "64bc0d09261b7917c5c08f1b",
    "photo": "64cb91fe5d1cb640156f7b18"
  },
  {
    "_id": "64c2b2c1cd442a1cc43c6f35",
    "category": "64dc88535d1cb640156faafa",
    "title": "Manzara",
    "tags": ["manzara"],
    "description": "Tabiat quynida tozza havoda dam olishga nima yetsin, yaqinlaring bilan bo'lsa undan ham mazza bo'ladi",
    "user": "64bc0d09261b7917c5c08f1b",
    "photo": "64cb91fe5d1cb640156f7b18"
  },
  {
    "_id": "64dc87a75d1cb640156faab3",
    "category": "64dc88535d1cb640156faafa",
    "title": "Samariddin Nurmamatov",
    "tags": ["M1"],
    "description": "Macbook M1",
    "user": "64bc0d09261b7917c5c08f1b",
    "photo": "64cb91fe5d1cb640156f7b18"
  },
  {
    "_id": "64dc88045d1cb640156faabf",
    "category": "64dc88535d1cb640156faafa",
    "title": "Apple",
    "tags": ["M2"],
    "description": "Apple Yaxshi",
    "user": "64bc0d09261b7917c5c08f1b",
    "photo": "64cb91fe5d1cb640156f7b18"
  },
  {
    "_id": "64dcf84b5d1cb640156fc6b7",
    "category": "64dc88535d1cb640156faafa",
    "title": "salom nima diysan",
    "tags": ["man", "fashion"],
    "description": "hd6 go ufuv 6dv ot ir9r ijgiyf5dyihdjuefb ubkabv khviusgbvhjbvbowuemsd;G fwkwegb weigheriu gvnksvnjierbgui",
    "user": "64bc0d09261b7917c5c08f1b",
    "photo": "64cb91fe5d1cb640156f7b18"
  },
  {
    "_id": "64dcfc015d1cb640156fc8db",
    "category": "64dc88535d1cb640156faafa",
    "title": "developer",
    "tags": ["n122"],
    "description": "Lorem ipsum dolor sit amet consectetur adipisicing elit. Nemo quasi veritatis maiores repellat placeat sequi est! In id a facer",
    "user": "64bc0d09261b7917c5c08f1b",
    "photo": "64cb91fe5d1cb640156f7b18"
  },
  {
    "_id": "64dd0b18e6e5345ad5b7b776",
    "category": "64e07dbee6e5345ad5b7dbb9",
    "title": "amaliyot salom hamga",
    "tags": ["man", "fashion"],
    "description": "dsaugdu gfuywegf gcugwef cgy kagc uewyg cgyfug kcljbiwcb hvoscscvyfkwfblskbsliygfe ",
    "user": "64bc0d09261b7917c5c08f1b",
    "photo": "64cb91fe5d1cb640156f7b18"
  },
  {
    "_id": "64dd18c0e6e5345ad5b7bda1",
    "category": "64e07dbee6e5345ad5b7dbb9",
    "title": "Salom",
    "tags": ["REACT N1"],
    "description": "Lorem ipsum dolor sit amet consectetur adipisicing elit. Nemo quasi veritatis maiores repellat placeat sequi est! In id a facere.",
    "user": "64bc0d09261b7917c5c08f1b",
    "photo": "64cb91fe5d1cb640156f7b18"
  },
  {
    "_id": "64dd2658e6e5345ad5b7c02d",
    "category": "64e07dbee6e5345ad5b7dbb9",
    "title": "Russia Gerb",
    "tags": ["#insta"],
    "description": "something\n",
    "user": "64bc0d09261b7917c5c08f1b",
    "photo": "64cb91fe5d1cb640156f7b18"
  },
  {
    "_id": "64e3c372e6e5345ad5b7e502",
    "category": "64e07dbee6e5345ad5b7dbb9",
    "title": "Salom",
    "tags": ["REACT N1"],
    "description": "Lorem ipsum dolor sit amet consectetur adipisicing elit. Nemo quasi veritatis maiores repellat placeat sequi est! In id a facere.",
    "user": "64bc0d09261b7917c5c08f1b",
    "photo": "64cb91fe5d1cb640156f7b18"
  },
  {
    "_id": "64f02aaea8bfc9872effefae",
    "category": "64e07dbee6e5345ad5b7dbb9",
    "title": "title",
    "tags": ["russia"],
    "description": "gerb russia",
    "user": "64bc0d09261b7917c5c08f1b",
    "photo": "64cb91fe5d1cb640156f7b18"
  },
  {
    "_id": "65057d44a8bfc9872efff80b",
    "category": "64e07dbee6e5345ad5b7dbb9",
    "title": "ewfwef",
    "tags": ["erg"],
    "description": "rjgbeirug erghe rge rgj etg4",
    "user": "64bc0d09261b7917c5c08f1b",
    "photo": "64cb91fe5d1cb640156f7b18"
  },
  {
    "_id": "6505af27a8bfc9872efffa9b",
    "category": "64e07de5e6e5345ad5b7dbdd",
    "title": "3rb34",
    "tags": ["r34ferg"],
    "description": "fejrbfwkrtbg",
    "user": "64bc0d09261b7917c5c08f1b",
    "photo": "64cb91fe5d1cb640156f7b18"
  }
]
